<?xml version="1.0" encoding="UTF-8" standalone="yes"?>
<addon id="plugin.video.lostfilm.tv" name="LostFilm.TV" version="1.0.5" provider-name="Nemiroff, anteo">
    <requires>
        <import addon="xbmc.python" version="2.19.0"/>
        <import addon="script.module.requests" version="2.7.0"/>
        <import addon="script.module.torrent2http" version="0.0.9"/>
        <import addon="script.service.torrserver" optional="true"/>
        <import addon="metadata.tvdb.com" version="2.0.0"/>
    </requires>
    <extension point="xbmc.python.pluginsource" library="addon.py">
        <provides>video</provides>
    </extension>
    <extension point="xbmc.service" library="service.py" start="login"/>
    <extension point="xbmc.addon.metadata">
        <platform>all</platform>
        <language>ru en</language>
        <website>http://lostfilm.tv/</website>
        <source>https://github.com/Nemiroff/plugin.video.lostfilm.tv</source>
        <summary lang="en">Explore LostFilm.TV</summary>
        <summary lang="ru">Ваш проводник по порталу LostFilm.TV</summary>
        <description lang="ru">Просматривайте новые серии любимых сериалов с портала LostFilm.TV!</description>
        <description lang="en">Watch new episodes of your favorite TV shows on LostFilm.TV!</description>
        <assets>
            <icon>icon.png</icon>
            <fanart>fanart.jpg</fanart>
        </assets>
        <news>[B]Версия 1.0.5[/B]
* Переезд на https для старого сайта. Возможны проблемы на старых версиях Коди
* Обновлена иконка
* Добавлена настройка частоты обновления базы
[B]Версия 1.0.4[/B]
* В названии папки используется оригинальное имя и год.
* Корректное создание папки библиотеки и настройки TVDB
* Исправление запуска на Kodi 18
[B]Версия 1.0.3[/B]
+ Добавлена поддержка Elementum
[B]Версия 1.0.2[/B]
* Авторизация по E-Mail на www.lostfilm.tv вместо old.lostfilm.tv
[B]Версия 1.0.1[/B]
* Настройки прелоада для TorrServe
[B]Версия 1.0.0[/B]
* Восстановлена работоспособность по старому сайту.
- Убран AceStream Engine
+ Добавлен TorrServe
        </news>
    </extension>
</addon>
